<?xml version="1.0" encoding="UTF-8"?><metadata>
    <idinfo>
        <citation>
            <citeinfo>
                <title>tl_2010_40_county10</title>
                <geoform>vector digital data</geoform>
            </citeinfo>
        </citation>
        <descript>
            <abstract>The TIGER/Line Files are shapefiles and related database files (.dbf) that are an extract of selected geographic and cartographic information from the U.S. Census Bureau's Master Address File / Topologically Integrated Geographic Encoding and Referencing (MAF/TIGER) Database (MTDB).  The MTDB represents a seamless national file with no overlaps or gaps between parts, however, each TIGER/Line File is designed to stand alone as an independent data set, or they can be combined to cover the entire nation.  The primary legal divisions of most States are termed counties.  In Louisiana, these divisions are known as parishes.  In Alaska, which has no counties, the equivalent entities are the organized boroughs, city and boroughs, and municipalities, and for the unorganized area, census areas.  The latter are delineated cooperatively for statistical purposes by the State of Alaska and the Census Bureau.  In four States (Maryland, Missouri, Nevada, and Virginia), there are one or more incorporated places that are independent of any county organization and thus constitute primary divisions of their States.  These incorporated places are known as independent cities and are treated as equivalent entities for purposes of data presentation.  The District of Columbia and Guam have no primary divisions, and each area is considered an equivalent entity for purposes of data presentation.  The Census Bureau treats the following entities as equivalents of counties for purposes of data presentation: Municipios in Puerto Rico, Districts and Islands in American Samoa, Municipalities in the Commonwealth of the Northern Mariana Islands, and Islands in the U.S. Virgin Islands.  The entire area of the United States, Puerto Rico, and the Island Areas is covered by counties or equivalent entities.  The 2010 Census boundaries for counties and equivalent entities are as of January 1, 2010, primarily as reported through the Census Bureau's Boundary and Annexation Survey (BAS).  
</abstract>
            <purpose>County Boundaries for the State of Oklahoma from the Census Bureau's public release of the database in the form of TIGER/Line Shapefiles.</purpose>
        </descript>
        <spdom>
            <bounding>
                <westbc>-103.002455</westbc>
                <eastbc>-94.430662</eastbc>
                <northbc>37.002312</northbc>
                <southbc>33.615787</southbc>
            </bounding>
        </spdom>
        <keywords>
            <theme>
                <themekt>None</themekt>
                <themekey>statewide</themekey>
                <themekey>Oklahoma</themekey>
                <themekey>county</themekey>
                <themekey>boundaries</themekey>
            </theme>
        </keywords>
        <accconst>None</accconst>
        <useconst>The
TIGER/Line Shapefile products are not copyrighted however TIGER/Line and Census
TIGER are registered trademarks of the U.S. Census Bureau. These products are
free to use in a product or publication, however acknowledgement must be given
to the U.S. Census Bureau as the source. The horizontal spatial accuracy
information present in these files is provided for the purposes of statistical
analysis and census operations only. No warranty, expressed or implied is made
with regard to the accuracy of the spatial accuracy, and no liability is
assumed by the U.S. Government in general or the U.S. Census Bureau,
specifically as to the spatial or attribute accuracy of the data. The
TIGER/Line Shapefiles may not be suitable for high-precision measurement
applications such as engineering problems, property transfers, or other uses
that might require highly accurate measurements of the earth's surface. Coordinates
in the TIGER/Line shapefiles have six implied decimal places, but the positional
accuracy of these coordinates is not as great as the six decimal places suggest.The spatial information hosted at
this website was derived from a variety of sources. Care was taken in the
creation of these themes, but they are provided &amp;quot;as is&amp;quot;. The Center
for Spatial Analysis, the University of Oklahoma, or any of the data providers
cannot accept any responsibility for errors, omissions, or positional accuracy
in the digital data or underlying records. There are no warranties, expressed
or implied, including the warranty of merchantability or fitness for a
particular purpose, accompanying any of these products. However, notification
of any errors would be appreciated. Please direct questions or suggestions
regarding data to the organization that produced it.</useconst>
        <native>Esri ArcGIS 10.1.1.3143</native>
    </idinfo>
    <spdoinfo>
        <direct>Vector</direct>
        <ptvctinf>
            <sdtsterm>
                <sdtstype>GT-polygon composed of chains</sdtstype>
                <ptvctcnt>77</ptvctcnt>
            </sdtsterm>
        </ptvctinf>
    </spdoinfo>
    <eainfo>
        <detailed>
            <enttyp>
                <enttypl>COUNTY10.shp</enttypl>
                <enttypd>2010 Census County and Equivalent State-based</enttypd>
                <enttypds>U.S. Census Bureau</enttypds>
            </enttyp>
            <attr>
                <attrlabl>FID</attrlabl>
                <attrdef>Internal feature number.</attrdef>
                <attrdefs>Esri</attrdefs>
                <attrdomv>
                                        
                    <udom>Sequential unique whole numbers that are automatically generated.</udom>
                                    
                </attrdomv>
            </attr>
            <attr>
                <attrlabl>Shape</attrlabl>
                <attrdef>Feature geometry.</attrdef>
                <attrdefs>Esri</attrdefs>
                <attrdomv>
                                        
                    <udom>Coordinates defining the features.</udom>
                                    
                </attrdomv>
            </attr>
            <attr>
                <attrlabl>STATEFP10</attrlabl>
                <attrdef>2010 Census state Federal Information Processing Standards
                 (FIPS) codes</attrdef>
                <attrdefs>U.S. Census Bureau</attrdefs>
                <attrdomv>
                                        					
                    
                    <codesetd>
                                                						
                        
                        <codesetn>INCITS.38-200x (R2004), Codes for the Identification of
                      the States, the District of Columbia, Puerto Rico, and the
                      Insular Areas of the United States (Formerly FIPS 5-2)</codesetn>
                                                						
                        
                        <codesets>U.S. Census Bureau</codesets>
                                                					
                    
                    </codesetd>
                                        				
                
                </attrdomv>
            </attr>
            <attr>
                <attrlabl>COUNTYFP10</attrlabl>
                <attrdef>2010 Census county Federal Information Processing Standards
                 (FIPS) code</attrdef>
                <attrdefs>U.S. Census Bureau</attrdefs>
                <attrdomv>
                                        					
                    
                    <codesetd>
                                                						
                        
                        <codesetn>INCITS.31-200x (R2007), Codes for the Identification of
                      the Counties and Equivalent Areas of the United States,
                      Puerto Rico, and the Insular Areas of the United States
                      (Formerly FIPS 6-4)</codesetn>
                                                						
                        
                        <codesets>U.S. Census Bureau</codesets>
                                                					
                    
                    </codesetd>
                                        				
                
                </attrdomv>
            </attr>
            <attr>
                <attrlabl>COUNTYNS10</attrlabl>
                <attrdef>2010 Census county ANSI code</attrdef>
                <attrdefs>U.S. Census Bureau</attrdefs>
                <attrdomv>
                                        					
                    
                    <codesetd>
                                                						
                        
                        <codesetn>INCITS 446-2008, (GNIS) Identifying Attributes for Named
                      Physical and Cultural Geographic Features (Except Roads
                      and Highways) of the United States, Its Territories,
                      Outlying Areas, and Freely Associated Areas, and the
                      Waters of the Same to the Limit of the Twelve-Mile
                      Statutory Zone</codesetn>
                                                						
                        
                        <codesets>U.S. Geological Survey (USGS)</codesets>
                                                					
                    
                    </codesetd>
                                        				
                
                </attrdomv>
            </attr>
            <attr>
                <attrlabl>GEOID10</attrlabl>
                <attrdef>County identifier; a concatenation of 2010 Census state FIPS
                 code and county FIPS code</attrdef>
                <attrdefs>U.S. Census Bureau</attrdefs>
                <attrdomv>
                                        					
                    
                    <codesetd>
                                                						
                        
                        <codesetn>INCITS.38-200x (R2004), Codes for the Identification of
                      the States, the District of Columbia, Puerto Rico, and the
                      Insular Areas of the United States (Formerly FIPS 5-2),
                      INCITS.31-200x (R2007), Codes for the Identification of
                      the Counties and Equivalent Areas of the United States,
                      Puerto Rico, and the Insular Areas of the United States
                      (Formerly FIPS 6-4)</codesetn>
                                                						
                        
                        <codesets>U.S. Census Bureau</codesets>
                                                					
                    
                    </codesetd>
                                        				
                
                </attrdomv>
            </attr>
            <attr>
                <attrlabl>NAME10</attrlabl>
                <attrdef>2010 Census county name</attrdef>
                <attrdefs>U.S. Census Bureau</attrdefs>
                <attrdomv>
                                        					
                    
                    <codesetd>
                                                						
                        
                        <codesetn>INCITS.31-200x (R2007), Codes for the Identification of
                      the Counties and Equivalent Areas of the United States,
                      Puerto Rico, and the Insular Areas of the United States
                      (Formerly FIPS 6-4)</codesetn>
                                                						
                        
                        <codesets>U.S. Census Bureau</codesets>
                                                					
                    
                    </codesetd>
                                        				
                
                </attrdomv>
            </attr>
            <attr>
                <attrlabl>NAMELSAD10</attrlabl>
                <attrdef>2010 Census name and the translated legal/statistical area
                 description code for county</attrdef>
                <attrdefs>U.S. Census Bureau</attrdefs>
                <attrdomv>
                                        					
                    
                    <codesetd>
                                                						
                        
                        <codesetn>INCITS.31-200x (R2007), Codes for the Identification of
                      the Counties and Equivalent Areas of the United States,
                      Puerto Rico, and the Insular Areas of the United States
                      (Formerly FIPS 6-4) and the translated legal/statistical
                      area description code for county that appears in LSAD10</codesetn>
                                                						
                        
                        <codesets>U.S. Census Bureau</codesets>
                                                					
                    
                    </codesetd>
                                        				
                
                </attrdomv>
            </attr>
            <attr>
                <attrlabl>LSAD10</attrlabl>
                <attrdef>2010 Census legal/statistical area description code for county</attrdef>
                <attrdefs>U.S. Census Bureau</attrdefs>
                <attrdomv>
                                        					
                    
                    <edom>
                                                						
                        
                        <edomv>00</edomv>
                                                						
                        
                        <edomvd>Blank</edomvd>
                                                						
                        
                        <edomvds>U.S. Census Bureau</edomvds>
                                                					
                    
                    </edom>
                                        					
                    
                    <edom>
                                                						
                        
                        <edomv>03</edomv>
                                                						
                        
                        <edomvd>City and Borough</edomvd>
                                                						
                        
                        <edomvds>U.S. Census Bureau</edomvds>
                                                					
                    
                    </edom>
                                        					
                    
                    <edom>
                                                						
                        
                        <edomv>04</edomv>
                                                						
                        
                        <edomvd>Borough</edomvd>
                                                						
                        
                        <edomvds>U.S. Census Bureau</edomvds>
                                                					
                    
                    </edom>
                                        					
                    
                    <edom>
                                                						
                        
                        <edomv>05</edomv>
                                                						
                        
                        <edomvd>Census Area</edomvd>
                                                						
                        
                        <edomvds>U.S. Census Bureau</edomvds>
                                                					
                    
                    </edom>
                                        					
                    
                    <edom>
                                                						
                        
                        <edomv>06</edomv>
                                                						
                        
                        <edomvd>County</edomvd>
                                                						
                        
                        <edomvds>U.S. Census Bureau</edomvds>
                                                					
                    
                    </edom>
                                        					
                    
                    <edom>
                                                						
                        
                        <edomv>07</edomv>
                                                						
                        
                        <edomvd>District</edomvd>
                                                						
                        
                        <edomvds>U.S. Census Bureau</edomvds>
                                                					
                    
                    </edom>
                                        					
                    
                    <edom>
                                                						
                        
                        <edomv>10</edomv>
                                                						
                        
                        <edomvd>Island</edomvd>
                                                						
                        
                        <edomvds>U.S. Census Bureau</edomvds>
                                                					
                    
                    </edom>
                                        					
                    
                    <edom>
                                                						
                        
                        <edomv>12</edomv>
                                                						
                        
                        <edomvd>Municipality</edomvd>
                                                						
                        
                        <edomvds>U.S. Census Bureau</edomvds>
                                                					
                    
                    </edom>
                                        					
                    
                    <edom>
                                                						
                        
                        <edomv>13</edomv>
                                                						
                        
                        <edomvd>Municipio</edomvd>
                                                						
                        
                        <edomvds>U.S. Census Bureau</edomvds>
                                                					
                    
                    </edom>
                                        					
                    
                    <edom>
                                                						
                        
                        <edomv>15</edomv>
                                                						
                        
                        <edomvd>Parish</edomvd>
                                                						
                        
                        <edomvds>U.S. Census Bureau</edomvds>
                                                					
                    
                    </edom>
                                        					
                    
                    <edom>
                                                						
                        
                        <edomv>25</edomv>
                                                						
                        
                        <edomvd>city</edomvd>
                                                						
                        
                        <edomvds>U.S. Census Bureau</edomvds>
                                                					
                    
                    </edom>
                                        				
                
                </attrdomv>
            </attr>
            <attr>
                <attrlabl>CLASSFP10</attrlabl>
                <attrdef>2010 Census Federal Information Processing Standards (FIPS)
                 class code</attrdef>
                <attrdefs>U.S. Census Bureau</attrdefs>
                <attrdomv>
                                        					
                    
                    <edom>
                                                						
                        
                        <edomv>C7</edomv>
                                                						
                        
                        <edomvd>An incorporated place that is independent of any county</edomvd>
                                                						
                        
                        <edomvds>U.S. Census Bureau</edomvds>
                                                					
                    
                    </edom>
                                        					
                    
                    <edom>
                                                						
                        
                        <edomv>H1</edomv>
                                                						
                        
                        <edomvd>An active county or equivalent feature</edomvd>
                                                						
                        
                        <edomvds>U.S. Census Bureau</edomvds>
                                                					
                    
                    </edom>
                                        					
                    
                    <edom>
                                                						
                        
                        <edomv>H4</edomv>
                                                						
                        
                        <edomvd>An inactive county or equivalent feature</edomvd>
                                                						
                        
                        <edomvds>U.S. Census Bureau</edomvds>
                                                					
                    
                    </edom>
                                        					
                    
                    <edom>
                                                						
                        
                        <edomv>H5</edomv>
                                                						
                        
                        <edomvd>A statistical county equivalent feature</edomvd>
                                                						
                        
                        <edomvds>U.S. Census Bureau</edomvds>
                                                					
                    
                    </edom>
                                        					
                    
                    <edom>
                                                						
                        
                        <edomv>H6</edomv>
                                                						
                        
                        <edomvd>A county that is coextensive with an incorporated place,
                    part of an incorporated place, or a consolidated city and
                    the governmental functions of the county are part of the
                    municipal govenment</edomvd>
                                                						
                        
                        <edomvds>U.S. Census Bureau</edomvds>
                                                					
                    
                    </edom>
                                        				
                
                </attrdomv>
            </attr>
            <attr>
                <attrlabl>MTFCC10</attrlabl>
                <attrdef>MAF/TIGER feature class code</attrdef>
                <attrdefs>U.S. Census Bureau</attrdefs>
                <attrdomv>
                                        					
                    
                    <edom>
                                                						
                        
                        <edomv>G4020</edomv>
                                                						
                        
                        <edomvd>County or Equivalent Feature</edomvd>
                                                						
                        
                        <edomvds>U.S. Census Bureau</edomvds>
                                                					
                    
                    </edom>
                                        				
                
                </attrdomv>
            </attr>
            <attr>
                <attrlabl>CSAFP10</attrlabl>
                <attrdef>2010 Census combined statistical area code</attrdef>
                <attrdefs>U.S. Census Bureau</attrdefs>
                <attrdomv>
                                        					
                    
                    <rdom>
                                                						
                        
                        <rdommin>100</rdommin>
                                                						
                        
                        <rdommax>599</rdommax>
                                                					
                    
                    </rdom>
                                        				
                
                </attrdomv>
            </attr>
            <attr>
                <attrlabl>CBSAFP10</attrlabl>
                <attrdef>2010 Census metropolitan statistical area/micropolitan
                 statistical area code</attrdef>
                <attrdefs>U.S. Census Bureau</attrdefs>
                <attrdomv>
                                        					
                    
                    <rdom>
                                                						
                        
                        <rdommin>10000</rdommin>
                                                						
                        
                        <rdommax>49999</rdommax>
                                                					
                    
                    </rdom>
                                        				
                
                </attrdomv>
            </attr>
            <attr>
                <attrlabl>METDIVFP10</attrlabl>
                <attrdef>2010 Census metropolitan division code</attrdef>
                <attrdefs>U.S. Census Bureau</attrdefs>
                <attrdomv>
                                        					
                    
                    <rdom>
                                                						
                        
                        <rdommin>10004</rdommin>
                                                						
                        
                        <rdommax>49994</rdommax>
                                                					
                    
                    </rdom>
                                        				
                
                </attrdomv>
            </attr>
            <attr>
                <attrlabl>FUNCSTAT10</attrlabl>
                <attrdef>2010 Census functional status</attrdef>
                <attrdefs>U.S. Census Bureau</attrdefs>
                <attrdomv>
                                        					
                    
                    <edom>
                                                						
                        
                        <edomv>A</edomv>
                                                						
                        
                        <edomvd>Active government providing primary general-purpose functions</edomvd>
                                                						
                        
                        <edomvds>U.S. Census Bureau</edomvds>
                                                					
                    
                    </edom>
                                        					
                    
                    <edom>
                                                						
                        
                        <edomv>B</edomv>
                                                						
                        
                        <edomvd>Active government that is partially consolidated with
                    another government but with separate officials providing
                    primary general-purpose functions</edomvd>
                                                						
                        
                        <edomvds>U.S. Census Bureau</edomvds>
                                                					
                    
                    </edom>
                                        					
                    
                    <edom>
                                                						
                        
                        <edomv>C</edomv>
                                                						
                        
                        <edomvd>Active government consolidated with another government with
                    a single set of officials</edomvd>
                                                						
                        
                        <edomvds>U.S. Census Bureau</edomvds>
                                                					
                    
                    </edom>
                                        					
                    
                    <edom>
                                                						
                        
                        <edomv>F</edomv>
                                                						
                        
                        <edomvd>Fictitious entity created to fill the Census Bureau
                    geographic hierarchy</edomvd>
                                                						
                        
                        <edomvds>U.S. Census Bureau</edomvds>
                                                					
                    
                    </edom>
                                        					
                    
                    <edom>
                                                						
                        
                        <edomv>G</edomv>
                                                						
                        
                        <edomvd>Active government that is subordinate to another unit of
                    government</edomvd>
                                                						
                        
                        <edomvds>U.S. Census Bureau</edomvds>
                                                					
                    
                    </edom>
                                        					
                    
                    <edom>
                                                						
                        
                        <edomv>N</edomv>
                                                						
                        
                        <edomvd>Nonfunctioning legal entity</edomvd>
                                                						
                        
                        <edomvds>U.S. Census Bureau</edomvds>
                                                					
                    
                    </edom>
                                        					
                    
                    <edom>
                                                						
                        
                        <edomv>S</edomv>
                                                						
                        
                        <edomvd>Statistical entity</edomvd>
                                                						
                        
                        <edomvds>U.S. Census Bureau</edomvds>
                                                					
                    
                    </edom>
                                        				
                
                </attrdomv>
            </attr>
            <attr>
                <attrlabl>ALAND10</attrlabl>
                <attrdef>2010 Census land area (square meters)</attrdef>
                <attrdefs>U.S. Census Bureau</attrdefs>
                <attrdomv>
                                        					
                    
                    <edom>
                                                						
                        
                        <edomv>0 to 9,999,999,999,999</edomv>
                                                						
                        
                        <edomvd>Blank</edomvd>
                                                						
                        
                        <edomvds>U.S. Census Bureau</edomvds>
                                                					
                    
                    </edom>
                                        				
                
                </attrdomv>
            </attr>
            <attr>
                <attrlabl>AWATER10</attrlabl>
                <attrdef>2010 Census water area (square meters)</attrdef>
                <attrdefs>U.S. Census Bureau</attrdefs>
                <attrdomv>
                                        					
                    
                    <edom>
                                                						
                        
                        <edomv>0 to 9,999,999,999,999</edomv>
                                                						
                        
                        <edomvd>Blank</edomvd>
                                                						
                        
                        <edomvds>U.S. Census Bureau</edomvds>
                                                					
                    
                    </edom>
                                        				
                
                </attrdomv>
            </attr>
            <attr>
                <attrlabl>INTPTLAT10</attrlabl>
                <attrdef>2010 Census latitude of the internal point</attrdef>
                <attrdefs>U.S. Census Bureau</attrdefs>
                <attrdomv>
                                        					
                    
                    <edom>
                                                						
                        
                        <edomv>00</edomv>
                                                						
                        
                        <edomvd>Blank</edomvd>
                                                						
                        
                        <edomvds>U.S. Census Bureau</edomvds>
                                                					
                    
                    </edom>
                                        				
                
                </attrdomv>
            </attr>
            <attr>
                <attrlabl>INTPTLON10</attrlabl>
                <attrdef>2010 Census longitude of the internal point</attrdef>
                <attrdefs>U.S. Census Bureau</attrdefs>
                <attrdomv>
                                        					
                    
                    <edom>
                                                						
                        
                        <edomv>00</edomv>
                                                						
                        
                        <edomvd>Blank</edomvd>
                                                						
                        
                        <edomvds>U.S. Census Bureau</edomvds>
                                                					
                    
                    </edom>
                                        				
                
                </attrdomv>
            </attr>
        </detailed>
    </eainfo>
    <metainfo>
        <metd>20131014</metd>
        <metstdn>FGDC Content Standard for Digital Geospatial Metadata</metstdn>
        <metstdv>FGDC-STD-001-1998</metstdv>
        <mettc>local time</mettc>
    </metainfo>
</metadata>
